报告开始日期,报告结束日期,广告名称,广告投放,成效,成效指标,单次成效费用,广告组名称,展示次数,"已花费金额 (USD)",点击率（全部）,custom_derived_metrics:334261784830934,应用安装量,"单次应用安装费用 (USD)",订阅次数,"单次订阅费用 (USD)",购物次数,"单次购物费用 (USD)","广告花费回报 (ROAS) - 购物","单次展示的播放视频达 3 秒率","视频播放进度达 100% 的次数",视频平均播放时长,结果（初始）,成效（初始）指标
2026-05-01,2026-06-08,"20260603_GrowMe_EN_9x16_FX-Mindset_ZT- work_RS-P3X1R1C3_fj_jql",not_delivering,,,,260605_AAA_AEO-Purchase_ios_vid_Growme_T1_0604_joy,57,0.48,3.508772,0,,,,,,,,35.087719,,5,,
2026-05-01,2026-06-08,20260605_GrowMe_EN_9x16_FX-Learning_ZT-privilege_RS-P3X1R1C3_fj,not_delivering,,,,260606_AAA_AEO-Purchase_ios_vid_Growme_T1_0605_joy,65,0.72,0,,,,,,,,,44.615385,,8,,
2026-05-01,2026-06-08,20260604_GrowMe_EN_9x16_FX-Mindset_ZT-strat_RS-P3X1R1C3_fj_jql,not_delivering,1,actions:app_custom_event.fb_mobile_purchase,154.91,260606_AAA_AEO-Purchase_ios_vid_Growme_T1_0605_joy,18264,154.91,1.708279,0.25373134,17,9.112353,1,154.91,1,154.91,0.184817,27.595269,89,5,,
2026-05-01,2026-06-08,"20260604_GrowMe_EN_9x16_FX-Mindset_ZT- change_RS-P3X1R1C3_fj_jql",not_delivering,,,,260606_AAA_AEO-Purchase_ios_vid_Growme_T1_0605_joy,902,9.59,1.330377,0,,,,,,,,25.388027,19,10,,
2026-05-01,2026-06-08,"20260604_GrowMe_EN_9x16_FX-EmotionalHealth_ZT- anxiety_RS-P3X1R1C3_fj_jql",not_delivering,,,,260606_AAA_AEO-Purchase_ios_vid_Growme_T1_0605_joy,2460,32.14,1.056911,0.09090909,1,32.14,,,,,,19.756098,33,5,,
2026-05-01,2026-06-08,20260605_growme_EN_9x16_FX-successful_ZT-color2_RS-P1X1R3C3_wxx,not_delivering,,,,260606_AAA_AEO-Purchase_ios_vid_Growme_T1_0605_joy,55,0.82,1.818182,0,,,,,,,,25.454545,,3,,
2026-05-01,2026-06-08,20260605_growme_EN_9x16_FX-successful_ZT-color_RS-P1X1R3C3_wxx,not_delivering,,,,260606_AAA_AEO-Purchase_ios_vid_Growme_T1_0605_joy,66,0.99,0,,,,,,,,,19.69697,2,4,,
2026-05-01,2026-06-08,20260604_GrowMe_EN_9x16_FX-Finance_ZT-turtle_RS-P3X1R1C3_fj_jql,not_delivering,,,,260606_AAA_AEO-Purchase_ios_vid_Growme_T1_0605_joy,5,0.03,0,,,,,,,,,40,,11,,
2026-05-01,2026-06-08,20260605_GrowMe_EN_9x16_FX-Learning_ZT-b1_RS-P3X1R1C3_fj,not_delivering,,,,260606_AAA_AEO-Purchase_ios_vid_Growme_T1_0605_joy,5303,44.56,1.640581,0.38709677,12,3.713333,1,44.56,,,,19.102395,44,6,,
2026-05-01,2026-06-08,20260605_growme_EN_9x16_FX-mindset_ZT-caise_RS-P1X1R3C3_wxx,not_delivering,,,,260606_AAA_AEO-Purchase_ios_vid_Growme_T1_0605_joy,276,2.61,0.724638,0,,,,,,,,22.463768,4,6,,
2026-05-01,2026-06-08,20260605_GrowMe_EN_9x16_FX-Communication_ZT-contro_RS-P3X1R1C3_fj,not_delivering,,,,260606_AAA_AEO-Purchase_ios_vid_Growme_T1_0605_joy,10,0.13,0,,,,,,,,,40,,6,,
2026-05-01,2026-06-08,20260605_growme_EN_9x16_FX-learning_ZT-niupizhi1_RS-P1X1R3C3_wxx,not_delivering,,,,260606_AAA_AEO-Purchase_ios_vid_Growme_T1_0605_joy,45,0.47,0,,,,,,,,,28.888889,1,10,,
2026-05-01,2026-06-08,20260604_GrowMe_EN_9x16_FX-Learning_ZT-book_RS-P3X1R1C3_gy,not_delivering,,,,260605_AAA_AEO-Purchase_ios_vid_Growme_T1_0604_joy,74,1.01,2.702703,0,,,,,,,,35.135135,4,17,,
2026-05-01,2026-06-08,20260604_growme_EN_9x16_FX-lifelessons_ZT-leisi-choies_RS-P1X1R3C3_wxx,not_delivering,,,,260605_AAA_AEO-Purchase_ios_vid_Growme_T1_0604_joy,23,0.17,0,,,,,,,,,39.130435,,7,,
2026-05-01,2026-06-08,20260604_growme_EN_9x16_FX-Learning_ZT-reading_RS-P1X1R3C3_wxx,not_delivering,,,,260605_AAA_AEO-Purchase_ios_vid_Growme_T1_0604_joy,70,1.51,1.428571,0,,,,,,,,18.571429,2,6,,
2026-05-01,2026-06-08,20260604_GrowMe_EN_9x16_FX-Learning_ZT-doctor_RS-P3X1R1C3_gy,not_delivering,,,,260605_AAA_AEO-Purchase_ios_vid_Growme_T1_0604_joy,283,3,1.413428,1,1,3,,,,,,19.081272,5,5,,
2026-05-01,2026-06-08,"20260604_GrowMe_EN_9x16_FX-Learning_ZT-learn English_RS-P3X1R1C3_fj",not_delivering,,,,260605_AAA_AEO-Purchase_ios_vid_Growme_T1_0604_joy,284,2.74,1.408451,,,,1,2.74,,,,17.957746,3,6,,
2026-05-01,2026-06-08,20260604_GrowMe_EN_9x16_FX-Finance_ZT-18s_RS-P3X1R1C3_fj,not_delivering,,,,260605_AAA_AEO-Purchase_ios_vid_Growme_T1_0604_joy,48,0.49,0,,,,,,,,,18.75,1,6,,
2026-05-01,2026-06-08,20260604_GrowMe_EN_9x16_FX-LifeLessons_ZT-perfect_RS-P3X1R1C3_gy,not_delivering,,,,260605_AAA_AEO-Purchase_ios_vid_Growme_T1_0604_joy,692,7.88,2.312139,0.25,2,3.94,,,,,,18.641619,13,6,,
2026-05-01,2026-06-08,"20260603_GrowMe_EN_9x16_FX-EmotionalHealth_ZT- ifyou_RS-P3X1R1C3_fj_jql",not_delivering,,,,260605_AAA_AEO-Purchase_ios_vid_Growme_T1_0604_joy,7,0.05,0,,,,,,,,,28.571429,,2,,
2026-05-01,2026-06-08,20260604_GrowMe_EN_9x16_FX-LifeLessons_ZTdontworry_RS-P3X1R1C3_fj,not_delivering,,,,260605_AAA_AEO-Purchase_ios_vid_Growme_T1_0604_joy,3,0.03,0,,,,,,,,,33.333333,,3,,
2026-05-01,2026-06-08,20260604_growme_EN_9x16_FX-lifelessons_ZT-leisi_RS-P1X1R3C3_gy_wxx,not_delivering,,,,260605_AAA_AEO-Purchase_ios_vid_Growme_T1_0604_joy,757,9.64,1.453104,0.33333333,1,9.64,,,,,,22.457067,21,8,,
2026-05-01,2026-06-08,20260604_GrowMe_EN_9x16_FX-Learning_ZT-habbit_RS-P3X1R1C3_gy,inactive,1,actions:app_custom_event.fb_mobile_purchase,72.26,260605_AAA_AEO-Purchase_ios_vid_Growme_T1_0604_joy,7303,72.26,2.273038,0.27710843,23,3.141739,1,72.26,1,72.26,0.149875,16.965631,110,7,,
2026-05-01,2026-06-08,"20260603_GrowMe_EN_9x16_FX-Mindset_ZT- just reminder_RS-P3X1R1C3_fj_jql",not_delivering,,,,260605_AAA_AEO-Purchase_ios_vid_Growme_T1_0604_joy,147,1.61,1.360544,0,,,1,1.61,,,,39.455782,2,8,,
2026-05-01,2026-06-08,20260603_GrowMe_EN_9x16_FX-Discipline_ZT-2choice_RS-P3X1R1C3_fj_jql,active,,,,260604_AAA_AEO-Purchase_ios_vid_Growme_T1_0603_joy,17,0.24,5.882353,0,,,,,,,,47.058824,1,7,,
2026-05-01,2026-06-08,20260603_GrowMe_EN_9x16_FX-Quotes_ZT-nostalgia_RS-P3X1R1C3_gy,active,,,,260604_AAA_AEO-Purchase_ios_vid_Growme_T1_0603_joy,55,0.42,0,,,,,,,,,38.181818,1,4,,
2026-05-01,2026-06-08,20260603_GrowMe_EN_9x16_FX-Growth_ZT-change_RS-P3X1R1C3_gy,inactive,1,actions:app_custom_event.fb_mobile_purchase,52.37,260604_AAA_AEO-Purchase_ios_vid_Growme_T1_0603_joy,5332,52.37,2.156789,0.28205128,11,4.760909,6,8.728333,1,52.37,0.24136,23.274569,75,8,,
2026-05-01,2026-06-08,20260603_growme_EN_9x16_FX-lifeisnoteasy_ZT-youshouldtry_RS-P1X1R3C3_wxx,active,,,,260604_AAA_AEO-Purchase_ios_vid_Growme_T1_0603_joy,20,0.07,0,,,,,,,,,10,,5,,
2026-05-01,2026-06-08,"20260603_GrowMe_EN_9x16_FX-WomenEmpowerment_ZT- forgive_RS-P3X1R1C3_fj_jql",active,,,,260604_AAA_AEO-Purchase_ios_vid_Growme_T1_0603_joy,137,2.31,4.379562,0,,,,,,,,42.335766,,6,,
2026-05-01,2026-06-08,20260603_growme_EN_9x16_FX-Learning_ZT-singsong_RS-P1X1R3C3_wxx,active,,,,260604_AAA_AEO-Purchase_ios_vid_Growme_T1_0603_joy,48,0.44,0,,,,,,,,,12.5,,2,,
2026-05-01,2026-06-08,20260603_GrowMe_EN_9x16_FX-Mindset_ZT-howto_RS-P3X1R1C3_fj_jql,active,,,,260604_AAA_AEO-Purchase_ios_vid_Growme_T1_0603_joy,15,0.13,0,,,,,,,,,26.666667,,5,,
2026-05-01,2026-06-08,"20260603_GrowMe_EN_9x16_FX-Mindset_ZT- dosomeing_RS-P3X1R1C3_fj_jql",not_delivering,,,,260605_AAA_AEO-Purchase_ios_vid_Growme_T1_0604_joy,132,1.49,0,,,,,,,,,28.787879,1,4,,
2026-05-01,2026-06-08,20260604_growme_EN_9x16_FX-lifelessons_ZT-leisi-noone_RS-P1X1R3C3_wxx,inactive,,,,260605_AAA_AEO-Purchase_ios_vid_Growme_T1_0604_joy,21488,216.95,1.317014,0.36231884,50,4.339,4,54.2375,,,,20.546351,207,9,,
2026-05-01,2026-06-08,20260604_GrowMe_EN_9x16_FX-LifeLessons_ZT-try_RS-P3X1R1C3_gy,not_delivering,,,,260605_AAA_AEO-Purchase_ios_vid_Growme_T1_0604_joy,2,0,0,,,,,,,,,,,1,,
2026-05-01,2026-06-08,20260604_GrowMe_EN_9x16_FX-Quotes_ZT-stop_RS-P3X1R1C3_fj,not_delivering,,,,260605_AAA_AEO-Purchase_ios_vid_Growme_T1_0604_joy,3,0,0,,,,,,,,,,,1,,
2026-05-01,2026-06-08,"20260604_GrowMe_EN_9x16_FX-Mindset_ZT- happy_RS-P3X1R1C3_fj",not_delivering,,,,260605_AAA_AEO-Purchase_ios_vid_Growme_T1_0604_joy,316,3.66,0.949367,,,,,,,,,22.468354,2,6,,
2026-05-01,2026-06-08,20260603_GrowMe_0_EN_9x16_FX-Learning_ZT-speak_RS-P3X1R1C3_gy,active,22,actions:app_custom_event.fb_mobile_purchase,41.37590909,260604_AAA_AEO-Purchase_ios_vid_Growme_T1_0603_joy,126892,910.27,1.763705,0.3398374,209,4.355359,47,19.367447,22,41.375909,0.359322,21.683794,1621,9,,
2026-05-01,2026-06-08,20260603_GrowMe_EN_9x16_FX-WomenEmpowerment_ZT-nofriends_RS-P3X1R1C3_fj,active,,,,260604_AAA_AEO-Purchase_ios_vid_Growme_T1_0603_joy,13,0.08,0,,,,,,,,,23.076923,,8,,
2026-05-01,2026-06-08,"20260603_GrowMe_EN_9x16_FX- Focus_ZT- yourself_RS-P3X1R1C3_fj",active,,,,260604_AAA_AEO-Purchase_ios_vid_Growme_T1_0603_joy,2,0.01,0,,,,,,,,,,,1,,
2026-05-01,2026-06-08,20260603_GrowMe_EN_9x16_FX-Formats_ZTdonghua_RS-P3X1R1C3_gy,active,,,,260604_AAA_AEO-Purchase_ios_vid_Growme_T1_0603_joy,14,0.1,0,,,,,,,,,21.428571,,2,,
2026-05-01,2026-06-08,20260603_GrowMe_EN_9x16_FX-Mindset_ZT-stronger_RS-P3X1R1C3_gy,active,,,,260604_AAA_AEO-Purchase_ios_vid_Growme_T1_0603_joy,5,0,0,,,,,,,,,40,,3,,
2026-05-01,2026-06-08,20260603_GrowMe_EN_9x16_FX-Quotes_ZT-11things_RS-P3X1R1C3_fj,active,,,,260604_AAA_AEO-Purchase_ios_vid_Growme_T1_0603_joy,8,0.01,0,,,,,,,,,12.5,,2,,
2026-05-01,2026-06-08,20260603_GrowMe_EN_9x16_FX-WomenEmpowerment_ZT-forgive_RS-P3X1R1C3_gy,active,,,,260604_AAA_AEO-Purchase_ios_vid_Growme_T1_0603_joy,70,0.51,0,,,,,,,,,25.714286,,6,,
2026-05-01,2026-06-08,20260603_growme_EN_9x16_FX-lifelessons_ZT-lifeplanned_RS-P1X1R3C3_wxx,active,,,,260604_AAA_AEO-Purchase_ios_vid_Growme_T1_0603_joy,193,2.24,1.036269,0,,,,,,,,17.098446,2,6,,
2026-05-01,2026-06-08,20260603_GrowMe_EN_9x16_FX-fear_ZT-d1_RS-P3X1R1C3_fj,active,,,,260604_AAA_AEO-Purchase_ios_vid_Growme_T1_0603_joy,373,3.76,0.536193,0,,,,,,,,15.817694,3,4,,
2026-05-01,2026-06-08,20260603_GrowMe_EN_9x16_FX-Formats_ZT-respect_RS-P3X1R1C3_gy,active,,,,260604_AAA_AEO-Purchase_ios_vid_Growme_T1_0603_joy,200,2.31,0,,,,,,,,,24,,4,,
2026-05-01,2026-06-08,20260603_growme_EN_9x16_FX-lifelessons_ZT-youshouldtry_RS-P1X1R3C3_wxx,active,,,,260604_AAA_AEO-Purchase_ios_vid_Growme_T1_0603_joy,1492,11.85,0.670241,0.16666667,1,11.85,,,,,,16.55496,10,3,,
2026-05-01,2026-06-08,20260603_GrowMe_EN_9x16_FX-WomenEmpowerment_ZT-women_RS-P3X1R1C3_fj_jql,active,,,,260604_AAA_AEO-Purchase_ios_vid_Growme_T1_0603_joy,5,0.07,0,,,,,,,,,20,,3,,
2026-05-01,2026-06-08,20260602_GrowMe_0_EN_9x16_FX-Learning_ZT-read_RS-P3X1R1C3_gy,inactive,1,actions:app_custom_event.fb_mobile_purchase,189.13,260603_AAA_AEO-Purchase_ios_vid_Growme_T1_0602_joy,23140,189.13,1.227312,0.25,45,4.202889,8,23.64125,1,189.13,0.154708,15.898876,200,5,,
2026-05-01,2026-06-08,20260602_GrowMe_0_EN_9x16_FX-Learning_ZT-speak_RS-P3X1R1C3_gy,active,,,,260603_AAA_AEO-Purchase_ios_vid_Growme_T1_0602_joy,76,0.46,0,,,,,,,,,22.368421,1,7,,
2026-05-01,2026-06-08,20260602_GrowMe_0_EN_9x16_FX-Growth_ZT-naixin_RS-P3X1R1C3_gy,active,,,,260603_AAA_AEO-Purchase_ios_vid_Growme_T1_0602_joy,22,0.26,4.545455,0,,,,,,,,27.272727,,6,,
2026-05-01,2026-06-08,20260602_GrowMe_0_EN_9x16_FX-Quotes_ZT-dream_RS-P3X1R1C3_gy,active,,,,260603_AAA_AEO-Purchase_ios_vid_Growme_T1_0602_joy,1,0,0,,,,,,,,,,,2,,
2026-05-01,2026-06-08,"20260602_GrowMe_EN_9x16_FX-Communication_ZT- voice_RS-P3X1R1C3_fj",active,,,,260603_AAA_AEO-Purchase_ios_vid_Growme_T1_0602_joy,487,6.29,1.437372,0,,,,,,,,20.73922,23,5,,
2026-05-01,2026-06-08,20260602_GrowMe_EN_9x16_FX-LifeLessons_ZT-Lifeadvice_RS-P3X1R1C3_fj_jql,active,,,,260603_AAA_AEO-Purchase_ios_vid_Growme_T1_0602_joy,138,2.24,0.724638,,,,,,,,,37.681159,2,6,,
2026-05-01,2026-06-08,20260602_GrowMe_EN_9x16_FX-LifeLessons_ZT-Letnature_RS-P3X1R1C3_fj_jql,active,,,,260603_AAA_AEO-Purchase_ios_vid_Growme_T1_0602_joy,70,1.29,2.857143,0,,,,,,,,30,2,4,,
2026-05-01,2026-06-08,20260602_GrowMe_EN_9x16_FX-Growth_ZT-startover_RS-P3X1R1C3_fj,active,,,,260603_AAA_AEO-Purchase_ios_vid_Growme_T1_0602_joy,157,2.05,0,,,,,,,,,19.745223,1,4,,
2026-05-01,2026-06-08,20260602_growme_EN_9x16_FX-Quotes_ZT-survive_RS-P1X1R3C3_wxx,active,,,,260603_AAA_AEO-Purchase_ios_vid_Growme_T1_0602_joy,890,7.57,0.561798,,,,,,,,,23.033708,2,4,,
2026-05-01,2026-06-08,"20260603_GrowMe_EN_9x16_FX- Focus_ZT-morning_RS-P3X1R1C3_fj",active,,,,260604_AAA_AEO-Purchase_ios_vid_Growme_T1_0603_joy,11,0.06,0,,,,,,,,,54.545455,,4,,
2026-05-01,2026-06-08,20260603_GrowMe_EN_9x16_FX-SelfImprovement_ZT-dontcare_RS-P3X1R1C3_fj_jql,active,,,,260604_AAA_AEO-Purchase_ios_vid_Growme_T1_0603_joy,0,0,0,,,,,,,,,,,00:00:00,,
2026-05-01,2026-06-08,20260603_GrowMe_EN_9x16_FX-Discipline_ZT-thinking_RS-P3X1R1C3_fj_jql,active,,,,260604_AAA_AEO-Purchase_ios_vid_Growme_T1_0603_joy,40,0.29,0,,,,,,,,,35,1,5,,
2026-05-01,2026-06-08,20260602_GrowMe_EN_9x16_FX-Quotes_ZT-10books_RS-P3X1R1C3_fj,active,,,,260603_AAA_AEO-Purchase_ios_vid_Growme_T1_0602_joy,57,0.82,0,,,,,,,,,28.070175,1,3,,
2026-05-01,2026-06-08,20260602_GrowMe_EN_9x16_FX-Mindset_ZT-behindlife_RS-P3X1R1C3_fj,active,,,,260603_AAA_AEO-Purchase_ios_vid_Growme_T1_0602_joy,129,1.43,0.775194,0,,,,,,,,26.356589,4,9,,
2026-05-01,2026-06-08,20260602_GrowMe_EN_9x16_FX-Communication_ZT-d1_RS-P3X1R1C3_fj,inactive,3,actions:app_custom_event.fb_mobile_purchase,59.51666667,260603_AAA_AEO-Purchase_ios_vid_Growme_T1_0602_joy,17289,178.55,2.417722,0.20588235,35,5.101429,6,29.758333,3,59.516667,0.214842,19.706172,359,8,,
2026-05-01,2026-06-08,20260602_growme_EN_9x16_FX-Quotes_ZT-focus_RS-P1X1R3C3_wxx,active,,,,260603_AAA_AEO-Purchase_ios_vid_Growme_T1_0602_joy,68,0.54,0,,,,,,,,,29.411765,,9,,
2026-05-01,2026-06-08,20260602_growme_EN_9x16_FX-Quotes_ZT-book_RS-P1X1R3C3_wxx,active,,,,260603_AAA_AEO-Purchase_ios_vid_Growme_T1_0602_joy,458,4.33,0.655022,0,,,,,,,,23.580786,9,3,,
2026-05-01,2026-06-08,20260602_GrowMe_EN_9x16_FX-WomenEmpowerment_ZT-woman_RS-P3X1R1C3_fj,active,,,,260603_AAA_AEO-Purchase_ios_vid_Growme_T1_0602_joy,350,4.25,1.428571,0,,,,,,,,23.428571,3,6,,
2026-05-01,2026-06-08,20260602_growme_EN_9x16_FX-Quotes_ZT-101_RS-P1X1R3C3_wxx,active,,,,260603_AAA_AEO-Purchase_ios_vid_Growme_T1_0602_joy,51,0.57,0,,,,,,,,,27.45098,2,9,,
2026-05-01,2026-06-08,20260602_GrowMe_EN_9x16_FX-Mindset_ZT-phone_RS-P3X1R1C3_fj_jql,active,,,,260603_AAA_AEO-Purchase_ios_vid_Growme_T1_0602_joy,124,1.18,0,,,,,,,,,15.322581,,3,,
2026-05-01,2026-06-08,20260602_growme_EN_9x16_FX-WomenEmpowerment_ZT-cichang_RS-P1X1R3C3_wxx,active,,,,260603_AAA_AEO-Purchase_ios_vid_Growme_T1_0602_joy,180,1.99,1.666667,,1,1.99,,,,,,26.666667,3,6,,
2026-05-01,2026-06-08,"20260602_GrowMe_EN_9x16_FX-LifeLessons_ZT-4 words_RS-P3X1R1C3_fj_jql",active,,,,260603_AAA_AEO-Purchase_ios_vid_Growme_T1_0602_joy,659,6.61,0.30349,,1,6.61,,,,,,20.333839,6,3,,
2026-05-01,2026-06-08,20260602_GrowMe_EN_9x16_FX-EmotionalHealth_ZT-Mentalhealth_RS-P3X1R1C3_fj_jql,active,,,,260603_AAA_AEO-Purchase_ios_vid_Growme_T1_0602_joy,7,0.03,0,,,,,,,,,28.571429,,2,,
2026-05-01,2026-06-08,20260602_GrowMe_EN_9x16_FX-EmotionalHealth_ZT-pride_RS-P3X1R1C3_fj_jql,active,,,,260603_AAA_AEO-Purchase_ios_vid_Growme_T1_0602_joy,19,0.21,5.263158,,,,,,,,,42.105263,,8,,
2026-05-01,2026-06-08,20260601_growme_EN_9x16_FX-Finance_ZT-maderich_RS-P1X1R3C3_wxx,active,,,,260602_AAA_AEO-Purchase_ios_vid_Growme_T1_0601_joy,16,0.12,0,,,,,,,,,18.75,,2,,
2026-05-01,2026-06-08,20260601_growme_EN_9x16_FX-lifelessons_ZT-education_RS-P1X1R3C3_wxx,active,,,,260602_AAA_AEO-Purchase_ios_vid_Growme_T1_0601_joy,1151,11.1,1.042572,0.33333333,1,11.1,,,,,,19.548219,10,7,,
2026-05-01,2026-06-08,20260601_growme_EN_9x16_FX-Learning_ZT-booklist_RS-P1X1R3C3_wxx,active,,,,260602_AAA_AEO-Purchase_ios_vid_Growme_T1_0601_joy,8,0.13,0,,,,,,,,,37.5,,5,,
2026-05-01,2026-06-08,20260601_growme_EN_9x16_FX-Learning_ZT-communication_RS-P1X1R3C3_wxx,active,1,actions:app_custom_event.fb_mobile_purchase,40.17,260602_AAA_AEO-Purchase_ios_vid_Growme_T1_0601_joy,4094,40.17,1.343429,0.43478261,10,4.017,1,40.17,1,40.17,0.716953,18.14851,40,6,,
2026-05-01,2026-06-08,20260601_growme_EN_9x16_FX-Quotes_ZT-meaningful_RS-P1X1R3C3_wxx,active,,,,260602_AAA_AEO-Purchase_ios_vid_Growme_T1_0601_joy,43,0.42,6.976744,,,,,,,,,27.906977,,2,,
2026-05-01,2026-06-08,20260602_GrowMe_EN_9x16_FX-EmotionalHealth_ZT-6anxiety_RS-P3X1R1C3_fj_jql,active,,,,260603_AAA_AEO-Purchase_ios_vid_Growme_T1_0602_joy,92,0.82,3.26087,0,,,,,,,,40.217391,2,8,,
2026-05-01,2026-06-08,20260602_GrowMe_EN_9x16_FX-Mindset_ZT-speech_RS-P3X1R1C3_fj_jql,active,,,,260603_AAA_AEO-Purchase_ios_vid_Growme_T1_0602_joy,372,5.93,1.344086,1,2,2.965,,,,,,25.806452,1,3,,
2026-05-01,2026-06-08,20260602_GrowMe_EN_9x16_FX-Communication_ZT-Foryour_RS-P3X1R1C3_fj_jql,active,,,,260603_AAA_AEO-Purchase_ios_vid_Growme_T1_0602_joy,7,0.09,0,,,,,,,,,14.285714,,2,,
2026-05-01,2026-06-08,20260602_GrowMe_EN_9x16_FX-EmotionalHealth_ZT-Relieveanxiety_RS-P3X1R1C3_fj_jql,active,,,,260603_AAA_AEO-Purchase_ios_vid_Growme_T1_0602_joy,30,0.28,3.333333,0,,,,,,,,23.333333,,4,,
2026-05-01,2026-06-08,20260602_GrowMe_0_EN_9x16_FX-LifeLessons_ZT-read_RS-P3X1R1C3_gy,active,,,,260603_AAA_AEO-Purchase_ios_vid_Growme_T1_0602_joy,50,0.37,2,0,,,,,,,,26,1,8,,
2026-05-01,2026-06-08,20260602_GrowMe_0_EN_9x16_FX-LifeLessons_ZT-confidence_RS-P3X1R1C3_gy,active,1,actions:app_custom_event.fb_mobile_purchase,71.41,260603_AAA_AEO-Purchase_ios_vid_Growme_T1_0602_joy,8750,71.41,1.188571,0.28571429,16,4.463125,3,23.803333,1,71.41,0.400364,16.594286,262,5,,
2026-05-01,2026-06-08,20260602_GrowMe_EN_9x16_FX-Communication_ZT-reading_RS-P3X1R1C3_fj,inactive,3,actions:app_custom_event.fb_mobile_purchase,105.15333333,260603_AAA_AEO-Purchase_ios_vid_Growme_T1_0602_joy,40979,315.46,1.647185,0.35114504,92,3.428913,7,45.065714,3,105.153333,0.14379,15.766612,552,8,,
2026-05-01,2026-06-08,20260529_growme_EN_9x16_FX-Creative_ZT-leadership_RS-P1X1R3C3_ZH_RMG-4748H,active,,,,260602_AAA_AEO-Purchase_ios_vid_Growme_T1_0601_joy,1,0.01,0,,,,,,,,,,,2,,
2026-05-01,2026-06-08,20260601_GrowMe_EN_9x16_FX-Learning_ZT-englishpresentation_RS-P3X1R1C3_fj,inactive,,,,260602_AAA_AEO-Purchase_ios_vid_Growme_T1_0601_joy,4723,44.45,1.460936,0.33333333,16,2.778125,,,,,,19.013339,47,5,,
2026-05-01,2026-06-08,20260601_GrowMe_EN_9x16_FX-Learning_ZT-trainbrain_RS-P3X1R1C3_fj,active,,,,260602_AAA_AEO-Purchase_ios_vid_Growme_T1_0601_joy,2360,21.12,0.847458,0.25,3,7.04,2,10.56,,,,14.152542,17,7,,
2026-05-01,2026-06-08,20260601_GrowMe_EN_9x16_FX-LifeLessons_ZT-nomoney_RS-P3X1R1C3_fj,active,,,,260602_AAA_AEO-Purchase_ios_vid_Growme_T1_0601_joy,3,0,0,,,,,,,,,,,0,,
2026-05-01,2026-06-08,20260601_GrowMe_EN_9x16_FX-Quotes_ZT-xiezi_RS-P3X1R1C3_fj,active,,,,260602_AAA_AEO-Purchase_ios_vid_Growme_T1_0601_joy,26,0.12,3.846154,0,,,1,0.12,,,,53.846154,1,16,,
2026-05-01,2026-06-08,20260601_GrowMe_EN_9x16_FX-Learning_ZT-eadingpower_RS-P3X1R1C3_fj,active,,,,260602_AAA_AEO-Purchase_ios_vid_Growme_T1_0601_joy,190,1.89,1.052632,1,1,1.89,,,,,,23.157895,1,3,,
2026-05-01,2026-06-08,20260601_GrowMe_0_EN_9x16_FX-Formats_ZT-read_RS-P3X1R1C3_gy,active,,,,260602_AAA_AEO-Purchase_ios_vid_Growme_T1_0601_joy,2,0,0,,,,,,,,,,,1,,
2026-05-01,2026-06-08,20260601_GrowMe_EN_9x16_FX-Learning_ZT-life_RS-P3X1R1C3_gy,inactive,,,,260602_AAA_AEO-Purchase_ios_vid_Growme_T1_0601_joy,16117,115.12,1.99789,0.30337079,27,4.263704,2,57.56,,,,19.62524,248,7,,
2026-05-01,2026-06-08,20260601_GrowMe_EN_9x16_FX-LifeLessons_ZT-mindset_RS-P3X1R1C3_gy,active,,,,260602_AAA_AEO-Purchase_ios_vid_Growme_T1_0601_joy,18,0.21,0,,,,,,,,,22.222222,,4,,
2026-05-01,2026-06-08,20260601_GrowMe_EN_9x16_FX-Communication_ZT-read_RS-P3X1R1C3_gy,active,,,,260602_AAA_AEO-Purchase_ios_vid_Growme_T1_0601_joy,195,1.74,1.538462,0,,,,,,,,25.641026,2,8,,
2026-05-01,2026-06-08,20260601_GrowMe_EN_9x16_FX-Learning_ZT-listen_RS-P3X1R1C3_gy,active,,,,260602_AAA_AEO-Purchase_ios_vid_Growme_T1_0601_joy,14,0.06,7.142857,0,,,,,,,,28.571429,,25,,
2026-05-01,2026-06-08,20260601_GrowMe_EN_9x16_FX-WomenEmpowerment_ZT-wait_RS-P3X1R1C3_gy,active,,,,260602_AAA_AEO-Purchase_ios_vid_Growme_T1_0601_joy,847,6.47,1.062574,0.66666667,2,3.235,,,,,,18.299882,4,7,,
2026-05-01,2026-06-08,20260529_growme_EN_9x16_FX-Creative_ZT-leadership_RS-P1X1R3C3_ZH_RMG-4748B,active,,,,260602_AAA_AEO-Purchase_ios_vid_Growme_T1_0601_joy,146,2.04,0.684932,,,,,,,,,17.123288,5,5,,
2026-05-01,2026-06-08,20260529_growme_EN_9x16_FX-Creative_ZT-leadership_RS-P1X1R3C3_ZH_RMG-4748F,active,,,,260602_AAA_AEO-Purchase_ios_vid_Growme_T1_0601_joy,5,0.03,0,,,,,,,,,60,,3,,
2026-05-01,2026-06-08,20260529_growme_EN_9x16_FX-Creative_ZT-leadership_RS-P1X1R3C3_ZH_RMG-4748E,active,,,,260602_AAA_AEO-Purchase_ios_vid_Growme_T1_0601_joy,611,7.07,1.472995,0.5,1,7.07,,,,,,22.749591,17,6,,
2026-05-01,2026-06-08,20260529_growme_EN_9x16_FX-Creative_ZT-leadership_RS-P1X1R3C3_ZH_RMG-4748D,active,,,,260602_AAA_AEO-Purchase_ios_vid_Growme_T1_0601_joy,95,1.23,2.105263,,,,,,,,,15.789474,2,6,,
2026-05-01,2026-06-08,20260529_growme_EN_9x16_FX-Creative_ZT-leadership_RS-P1X1R3C3_ZH_RMG-4748C,active,,,,260602_AAA_AEO-Purchase_ios_vid_Growme_T1_0601_joy,109,1.35,1.834862,0,,,,,,,,26.605505,3,6,,
2026-05-01,2026-06-08,20260529_growme_EN_9x16_FX-Creative_ZT-leadership_RS-P1X1R3C3_ZH_RMG-4748I,active,,,,260602_AAA_AEO-Purchase_ios_vid_Growme_T1_0601_joy,5,0.02,0,,,,,,,,,,,1,,
2026-05-01,2026-06-08,20260529_growme_EN_9x16_FX-Creative_ZT-leadership_RS-P1X1R3C3_ZH_RMG-4748J,active,,,,260602_AAA_AEO-Purchase_ios_vid_Growme_T1_0601_joy,42,0.27,2.380952,,,,,,,,,23.809524,1,4,,
2026-05-01,2026-06-08,20260529_growme_EN_9x16_FX-Creative_ZT-leadership_RS-P1X1R3C3_ZH_RMG-4748A,active,,,,260602_AAA_AEO-Purchase_ios_vid_Growme_T1_0601_joy,6,0.12,0,,,,,,,,,33.333333,,5,,
2026-05-01,2026-06-08,20260529_growme_EN_9x16_FX-Creative_ZT-leadership_RS-P1X1R3C3_ZH_RMG-4748G,active,,,,260602_AAA_AEO-Purchase_ios_vid_Growme_T1_0601_joy,302,2.9,1.324503,0,,,,,,,,21.192053,7,6,,
