报告开始日期,报告结束日期,广告名称,广告投放,归因设置,成效,成效指标,单次成效费用,广告组预算,广告组预算类型,"已花费金额 (USD)",展示次数,覆盖人数,广告组名称,订阅次数,"单次订阅费用 (USD)",应用安装量,"单次应用安装费用 (USD)"
2026-07-11,2026-08-10,20260806_growme_EN_4x5_FX-Women_ZT-Growth-pic8_RS-P1X1R3C3_gy.jpg,active,"点击后 1 天内",,,,100,单日预算,0.08,10,10,260807_AAA_AEO-Purchase_ios_pic_Growme_T1_高价值图片_joy,,,,
2026-07-11,2026-08-10,20260806_growme_EN_4x5_FX-Selfgrowth_ZT-Growth-pic2_RS-P1X1R3C3_gy.jpg,active,"点击后 1 天内",,,,100,单日预算,26.94,2869,2613,260807_AAA_AEO-Purchase_ios_pic_Growme_T1_高价值图片_joy,2,13.47,3,8.98
2026-07-11,2026-08-10,20260806_growme_EN_4x5_FX-Selfgrowth_ZT-Growth-pic3_RS-P1X1R3C3_gy.jpg,active,"点击后 1 天内",,,,100,单日预算,15.36,1164,1053,260807_AAA_AEO-Purchase_ios_pic_Growme_T1_高价值图片_joy,,,,
2026-07-11,2026-08-10,20260804_growme_EN_9x16_FX-Readers_ZT-learning-pic6_RS-P1X1R3C3_LJQ,active,"点击后 1 天内",,,,100,单日预算,0.09,9,9,260807_AAA_AEO-Purchase_ios_pic_Growme_T1_高价值图片_joy,,,,
2026-07-11,2026-08-10,20260807_GrowMe_EN_9x16_FX-SelfGrowth_ZT-SelfImprovement_RS-P3X1R1C3_fj,active,"点击后 1 天内",,,,100,单日预算,4.62,151,140,260807_AAA_AEO-Purchase_ios_vid_Growme_T1_0807highvalue_joy,,,,
2026-07-11,2026-08-10,20260807_growme_EN_9x16_FX-Readers_ZT-BookReading-app_RS-P1X1R3C3_gy,inactive,"点击后 1 天内",,,,100,单日预算,25.59,2114,1830,260807_AAA_AEO-Purchase_ios_vid_Growme_T1_0807highvalue_joy,,,1,25.59
2026-07-11,2026-08-10,"20260806_growme_EN_9x16_FX-SelfGrowth _ZT-Growth-IQ_RS-P1X1R3C3_gy",inactive,"点击后 1 天内",,,,100,单日预算,33.24,3061,2872,260807_AAA_AEO-Purchase_ios_vid_Growme_T1_0807highvalue_joy,,,3,11.08
2026-07-11,2026-08-10,"20260806_growme_EN_9x16_FX-SelfGrowth _ZT-Growth-siste_RS-P1X1R3C3_gy",inactive,"点击后 1 天内",,,,100,单日预算,33.27,3010,2780,260807_AAA_AEO-Purchase_ios_vid_Growme_T1_0807highvalue_joy,,,2,16.635
2026-07-11,2026-08-10,"20260806_growme_EN_9x16_FX-SelfGrowth _ZT-Growth-siste_RS-P1X1R3C3_gy",inactive,"点击后 1 天内",,,,100,单日预算,35.38,2798,2674,260807_AAA_AEO-Purchase_ios_vid_Growme_T1_0807highvalue_joy,,,1,35.38
2026-07-11,2026-08-10,20260806_GrowMe_EN_9x16_FX-SelfGrowth_ZT-SelfImprovement-IQ_RS-P3X1R1C3_fj,not_delivering,"点击后 1 天内",,,,100,单日预算,0,0,0,260807_AAA_AEO-Purchase_ios_vid_Growme_T1_0807highvalue_joy,,,,
2026-07-11,2026-08-10,20260807_growme_EN_9x16_FX-Readers_ZT-BookReading-driving_RS-P1X1R3C3_gy,inactive,"点击后 1 天内",,,,100,单日预算,40.66,3411,2977,260807_AAA_AEO-Purchase_ios_vid_Growme_T1_0807highvalue_joy,,,4,10.165
2026-07-11,2026-08-10,20260806_GrowMe_EN_9x16_FX-SelfGrowth_ZT-SelfImprovement-tt_RS-P3X1R1C3_fj,inactive,"点击后 1 天内",,,,100,单日预算,61.52,3828,3274,260807_AAA_AEO-Purchase_ios_vid_Growme_T1_0807highvalue_joy,1,61.52,3,20.506667
2026-07-11,2026-08-10,20260804_growme_EN_9x16_FX-Readers_ZT-Habits-pic6_RS-P1X1R3C3_Sherry,active,"点击后 1 天内",,,,100,单日预算,0.15,8,8,260807_AAA_AEO-Purchase_ios_pic_Growme_T1_高价值图片_joy,,,,
2026-07-11,2026-08-10,20260806_GrowMe_EN_9x16_01_FX-SelfGrowth_ZT-Growth-pic6_RS-P1X1R3C3_wxx,active,"点击后 1 天内",,,,100,单日预算,1.73,204,200,260807_AAA_AEO-Purchase_ios_pic_Growme_T1_高价值图片_joy,,,,
2026-07-11,2026-08-10,20260806_GrowMe_EN_9x16_01_FX-women_ZT-Growth-pic1_RS-P1X1R3C3_wxx,active,"点击后 1 天内",,,,100,单日预算,0.12,11,11,260807_AAA_AEO-Purchase_ios_pic_Growme_T1_高价值图片_joy,,,,
2026-07-11,2026-08-10,"20260806_GrowMe_EN_9x16_FX-SelfGrowth _ZT- Learning-pic8_RS-P3X1R1C3_fj.png",inactive,"点击后 1 天内",,,,100,单日预算,18.18,2203,2049,260807_AAA_AEO-Purchase_ios_pic_Growme_T1_高价值图片_joy,,,,
2026-07-11,2026-08-10,"20260806_GrowMe_EN_9x16_FX-SelfGrowth _ZT- Learning-pic7_RS-P3X1R1C3_fj.png",active,"点击后 1 天内",,,,100,单日预算,12.03,1601,1562,260807_AAA_AEO-Purchase_ios_pic_Growme_T1_高价值图片_joy,,,1,12.03
2026-07-11,2026-08-10,"20260806_GrowMe_EN_4x5_FX-SelfGrowth _ZT- Learning-pic1_RS-P3X1R1C3_fj",active,"点击后 1 天内",,,,100,单日预算,0.42,64,62,260807_AAA_AEO-Purchase_ios_pic_Growme_T1_高价值图片_joy,,,,
2026-07-11,2026-08-10,"20260806_GrowMe_EN_9x16_FX-SelfGrowth _ZT- Learning-pic10_RS-P3X1R1C3_fj.png",active,"点击后 1 天内",,,,100,单日预算,14.67,1324,1122,260807_AAA_AEO-Purchase_ios_pic_Growme_T1_高价值图片_joy,,,,
2026-07-11,2026-08-10,20260806_growme_EN_4x5_FX-EnglishReaders_ZT-learning-pic8_RS-P1X1R3C3_gy,inactive,"点击后 1 天内",,,,100,单日预算,22.83,3195,3129,260807_AAA_AEO-Purchase_ios_pic_Growme_T1_高价值图片_joy,,,1,22.83
2026-07-11,2026-08-10,20260806_growme_EN_4x5_FX-Women_ZT-Growth-pic1_RS-P1X1R3C3_gy.jpg,active,"点击后 1 天内",,,,100,单日预算,0.77,121,120,260807_AAA_AEO-Purchase_ios_pic_Growme_T1_高价值图片_joy,,,,
2026-07-11,2026-08-10,20260806_GrowMe_EN_9x16_01_FX-SelfGrowth_ZT-Growth-pic5_RS-P1X1R3C3_wxx,active,"点击后 1 天内",,,,100,单日预算,8.28,760,706,260807_AAA_AEO-Purchase_ios_pic_Growme_T1_高价值图片_joy,,,1,8.28
2026-07-11,2026-08-10,"20260806_GrowMe_EN_4x5_FX-SelfGrowth _ZT- Learning-pic4_RS-P3X1R1C3_fj",inactive,"点击后 1 天内",,,,100,单日预算,29.56,3915,3783,260807_AAA_AEO-Purchase_ios_pic_Growme_T1_高价值图片_joy,,,1,29.56
2026-07-11,2026-08-10,20260806_growme_EN_4x5_FX-Women_ZT-Growth-pic6_RS-P1X1R3C3_gy.jpg,active,"点击后 1 天内",,,,100,单日预算,5.15,439,423,260807_AAA_AEO-Purchase_ios_pic_Growme_T1_高价值图片_joy,,,,
2026-07-11,2026-08-10,20260806_growme_EN_9x16_FX-Professionals_ZT-Growth2_LVL1-plot_RS-P1X1R1C3_wxx,inactive,"点击后 1 天内",,,,100,单日预算,63.35,3330,2897,260806_AAA_AEO-Purchase_ios_vid_Growme_T1_new3_joy,,,2,31.675
2026-07-11,2026-08-10,20260806_growme_EN_4x5_FX-Women_ZT-Growth-pic7_RS-P1X1R3C3_gy.jpg,active,"点击后 1 天内",,,,100,单日预算,0.17,13,13,260807_AAA_AEO-Purchase_ios_pic_Growme_T1_高价值图片_joy,,,,
2026-07-11,2026-08-10,20260806_growme_EN_9x16_FX-Readers_ZT-learning-pic7-1_RS-P1X1R3C3_gy,active,"点击后 1 天内",,,,100,单日预算,5.42,365,324,260807_AAA_AEO-Purchase_ios_pic_Growme_T1_高价值图片_joy,,,,
2026-07-11,2026-08-10,"20260806_GrowMe_EN_9x16_FX-SelfGrowth _ZT- Learning-pic9_RS-P3X1R1C3_fj.png",active,"点击后 1 天内",,,,100,单日预算,0.26,32,29,260807_AAA_AEO-Purchase_ios_pic_Growme_T1_高价值图片_joy,,,,
2026-07-11,2026-08-10,"20260806_GrowMe_EN_9x16_FX-SelfGrowth _ZT- Learning-pic6_RS-P3X1R1C3_fj.png",active,"点击后 1 天内",,,,100,单日预算,0.21,35,34,260807_AAA_AEO-Purchase_ios_pic_Growme_T1_高价值图片_joy,,,,
2026-07-11,2026-08-10,"20260806_GrowMe_EN_9x16_FX-SelfGrowth _ZT- Learning-pic5_RS-P3X1R1C3_fj",active,"点击后 1 天内",,,,100,单日预算,3.27,384,378,260807_AAA_AEO-Purchase_ios_pic_Growme_T1_高价值图片_joy,,,,
2026-07-11,2026-08-10,"20260806_GrowMe_EN_4x5_FX-SelfGrowth _ZT- Learning-pic3_RS-P3X1R1C3_fj",active,"点击后 1 天内",,,,100,单日预算,3.53,644,638,260807_AAA_AEO-Purchase_ios_pic_Growme_T1_高价值图片_joy,,,,
2026-07-11,2026-08-10,20260806_GrowMe_EN_9x16_01_FX-women_ZT-Growth-pic4_RS-P1X1R3C3_wxx,active,"点击后 1 天内",,,,100,单日预算,0.07,20,20,260807_AAA_AEO-Purchase_ios_pic_Growme_T1_高价值图片_joy,,,,
2026-07-11,2026-08-10,20260806_growme_EN_4x5_FX-Selfgrowth_ZT-Growth-pic4_RS-P1X1R3C3_gy.jpg,active,"点击后 1 天内",,,,100,单日预算,10.58,1599,1505,260807_AAA_AEO-Purchase_ios_pic_Growme_T1_高价值图片_joy,,,,
2026-07-11,2026-08-10,20260806_GrowMe_EN_9x16_01_FX-women_ZT-Growth-pic3_RS-P1X1R3C3_wxx,inactive,"点击后 1 天内",,,,100,单日预算,37.89,4619,4310,260807_AAA_AEO-Purchase_ios_pic_Growme_T1_高价值图片_joy,,,4,9.4725
2026-07-11,2026-08-10,20260806_GrowMe_EN_9x16_01_FX-SelfGrowth_ZT-Learning-pic2_RS-P1X1R3C3_wxx,active,"点击后 1 天内",,,,100,单日预算,29.22,2965,2419,260807_AAA_AEO-Purchase_ios_pic_Growme_T1_高价值图片_joy,,,4,7.305
2026-07-11,2026-08-10,"20260806_GrowMe_EN_4x5_FX-Women _ZT- SelfGrowth-pic2_RS-P3X1R1C3_fj",active,"点击后 1 天内",,,,100,单日预算,0.07,9,9,260807_AAA_AEO-Purchase_ios_pic_Growme_T1_高价值图片_joy,,,,
2026-07-11,2026-08-10,20260805_GrowMe_EN_9x16_FX-SelfGrowth_ZT-SelfImprovement-dzb_RS-P3X1R1C3_fj,active,"点击后 1 天内",,,,150,单日预算,0.17,29,26,260806_AAA_AEO-Purchase_ios_vid_Growme_T1_0806highvalue_joy,,,,
2026-07-11,2026-08-10,20260805_GrowMe_EN_9x16_01_FX-SelfGrowth_ZT-Growth-youtube_RS-P1X1R1C1_wxx,active,"点击后 1 天内",,,,150,单日预算,0.03,23,22,260806_AAA_AEO-Purchase_ios_vid_Growme_T1_0806highvalue_joy,,,,
2026-07-11,2026-08-10,20260805_GrowMe_EN_9x16_01_FX-SelfGrowth_ZT-Growth-youtube2_RS-P1X1R1C1_wxx,active,"点击后 1 天内",,,,150,单日预算,0.04,9,8,260806_AAA_AEO-Purchase_ios_vid_Growme_T1_0806highvalue_joy,,,,
2026-07-11,2026-08-10,20260805_growme_EN_9x16_FX-Readers_ZT-BookReading-paint_RS-P1X1R3C3_gy,active,"点击后 1 天内",,,,150,单日预算,0.9,84,75,260806_AAA_AEO-Purchase_ios_vid_Growme_T1_0806highvalue_joy,,,,
2026-07-11,2026-08-10,20260805_growme_EN_9x16_FX-Readers_ZT-Growth-speak_RS-P1X1R3C3_gy,active,"点击后 1 天内",,,,150,单日预算,3.4,196,189,260806_AAA_AEO-Purchase_ios_vid_Growme_T1_0806highvalue_joy,,,,
2026-07-11,2026-08-10,20260803_growme_EN_9x16_FX-Readers_ZT-MicroLearning_LVL1-Dialogue_RS-P1X1R3C3_pingme_BJY,active,"点击后 1 天内",,,,150,单日预算,3.43,207,197,260806_AAA_AEO-Purchase_ios_vid_Growme_T1_0806highvalue_joy,,,,
2026-07-11,2026-08-10,20260803_growme_EN_9x16_FX-Readers_ZT-MicroLearning_LVL1-DialogueRS-P1X1R3C3_pingme_YZY,active,"点击后 1 天内",,,,150,单日预算,34.93,1777,1606,260806_AAA_AEO-Purchase_ios_vid_Growme_T1_0806highvalue_joy,1,34.93,1,34.93
2026-07-11,2026-08-10,20260803_growme_EN_9x16_FX-SelfGrowth_ZT-MicroLearning_LVL1-Vlog_RS-P1X1R3C3_pingme_WPL,active,"点击后 1 天内",,,,150,单日预算,0.11,15,15,260806_AAA_AEO-Purchase_ios_vid_Growme_T1_0806highvalue_joy,1,0.11,1,0.11
2026-07-11,2026-08-10,20260803_growme_EN_9x16_FX-Readers_ZT-MicroLearning_LVL1-DialogueRS-P1X1R3C3_pingme_ZYL,active,"点击后 1 天内",,,,150,单日预算,2.35,136,126,260806_AAA_AEO-Purchase_ios_vid_Growme_T1_0806highvalue_joy,,,,
2026-07-11,2026-08-10,20260803_growme_EN_9x16_FX-SelfGrowth_ZT-SelfImprovement_LVL1-TEDtalk_RS-P1X1R3C3_pingme_ZL,active,"点击后 1 天内",,,,150,单日预算,3.3,150,128,260806_AAA_AEO-Purchase_ios_vid_Growme_T1_0806highvalue_joy,,,,
2026-07-11,2026-08-10,20260803_growme_EN_9x16_FX-Professionals_ZT-Growth_LVL1-plot_RS-P1X1R3C3_pingme_SZH,inactive,"点击后 1 天内",,,,100,单日预算,48.24,3099,2822,260806_AAA_AEO-Purchase_ios_vid_Growme_T1_new3_joy,,,2,24.12
2026-07-11,2026-08-10,20260806_growme_EN_9x16_FX-Professionals_ZT-Growth_LVL1-plot_RS-P1X1R1C3_wxx,inactive,"点击后 1 天内",,,,100,单日预算,52.42,2957,2696,260806_AAA_AEO-Purchase_ios_vid_Growme_T1_new3_joy,,,1,52.42
2026-07-11,2026-08-10,20260803_GrowMe_EN_9x16_FX-Women_ZT-WomenEmpowerment_RS-P3X1R1C3_fj,active,"点击后 1 天内",,,,150,单日预算,9.28,406,385,260806_AAA_AEO-Purchase_ios_vid_Growme_T1_0806highvalue_joy,,,,
2026-07-11,2026-08-10,20260803_GrowMe_EN_9x16_FX-Readers_ZT-BookReading_RS-P1X1R3C3_aitool_cty,inactive,"点击后 1 天内",,,,150,单日预算,56.01,4443,4191,260806_AAA_AEO-Purchase_ios_vid_Growme_T1_0806highvalue_joy,1,56.01,11,5.091818
2026-07-11,2026-08-10,20260803_GrowMe_EN_9x16_FX-SelfGrowth_ZT-Habits_RS-P1X1R3C3_aitool_cty,inactive,"点击后 1 天内",,,,150,单日预算,111,10285,9286,260806_AAA_AEO-Purchase_ios_vid_Growme_T1_0806highvalue_joy,3,37,7,15.857143
2026-07-11,2026-08-10,20260804_GrowMe_EN_9x16_01_FX-innerleader_ZT-Growth-innerleader_RS-P1X1R1C1_wxx,active,"点击后 1 天内",,,,150,单日预算,2.63,154,141,260806_AAA_AEO-Purchase_ios_vid_Growme_T1_0806highvalue_joy,,,,
2026-07-11,2026-08-10,20260804_GrowMe_EN_9x16_01_FX-SelfGrowth_ZT-Growth-boring_RS-P1X1R1C1_wxx,active,"点击后 1 天内",,,,150,单日预算,1.76,127,120,260806_AAA_AEO-Purchase_ios_vid_Growme_T1_0806highvalue_joy,,,,
2026-07-11,2026-08-10,20260804_GrowMe_EN_9x16_FX-SelfGrowth_ZT-Discipline-ai-long_RS-P3X1R1C3_fj,active,"点击后 1 天内",,,,150,单日预算,0.48,20,17,260806_AAA_AEO-Purchase_ios_vid_Growme_T1_0806highvalue_joy,,,,
2026-07-11,2026-08-10,20260804_GrowMe_EN_9x16_FX-SelfGrowth_ZT-SelfImprovement-16_RS-P3X1R1C3_fj,inactive,"点击后 1 天内",,,,150,单日预算,34.63,2341,2139,260806_AAA_AEO-Purchase_ios_vid_Growme_T1_0806highvalue_joy,,,4,8.6575
2026-07-11,2026-08-10,20260804_GrowMe_EN_9x16_FX-SelfGrowth_ZT-Learning-reading_RS-P3X1R1C3_fj,active,"点击后 1 天内",,,,150,单日预算,0.05,4,4,260806_AAA_AEO-Purchase_ios_vid_Growme_T1_0806highvalue_joy,,,,
2026-07-11,2026-08-10,20260804_growme_EN_9x16_FX-Readers_ZT-VP-BookReading-1_RS-P1X1R3C3_gy,active,"点击后 1 天内",,,,150,单日预算,0.14,14,13,260806_AAA_AEO-Purchase_ios_vid_Growme_T1_0806highvalue_joy,,,,
2026-07-11,2026-08-10,20260804_growme_EN_9x16_FX-Readers_ZT-BookReading-tuijian_RS-P1X1R3C3_gy,inactive,"点击后 1 天内",,,,150,单日预算,45.59,3847,3587,260806_AAA_AEO-Purchase_ios_vid_Growme_T1_0806highvalue_joy,1,45.59,2,22.795
2026-07-11,2026-08-10,20260804_GrowMe_EN_9x16_FX-Readers_ZT-Challenge-challenge1_RS-P3X1R1C3_gy,active,"点击后 1 天内",,,,150,单日预算,0.5,36,33,260806_AAA_AEO-Purchase_ios_vid_Growme_T1_0806highvalue_joy,,,,
2026-07-11,2026-08-10,20260805_GrowMe_EN_9x16_FX-Readers_ZT-Communication_RS-P1X1R3C3_aitool_cty,inactive,"点击后 1 天内",,,,150,单日预算,58.12,5268,5138,260806_AAA_AEO-Purchase_ios_vid_Growme_T1_0806highvalue_joy,1,58.12,7,8.302857
2026-07-11,2026-08-10,20260803_GrowMe_EN_9x16_01_FX-SelfGrowth_ZT-Learning-history_RS-P1X1R1C1_wxx,inactive,"点击后 1 天内",,,,150,单日预算,54.91,3649,3222,260806_AAA_AEO-Purchase_ios_vid_Growme_T1_0806highvalue_joy,1,54.91,3,18.303333
2026-07-11,2026-08-10,20260803_GrowMe_EN_9x16_01_FX-SelfGrowth_ZT-Growth-boring_RS-P1X1R1C1_wxx,inactive,"点击后 1 天内",,,,150,单日预算,71.1,4650,4263,260806_AAA_AEO-Purchase_ios_vid_Growme_T1_0806highvalue_joy,2,35.55,9,7.9
2026-07-11,2026-08-10,20260803_GrowMe_EN_9x16_FX-SelfGrowth_ZT-Learning-read_RS-P3X1R1C3_fj,active,"点击后 1 天内",,,,150,单日预算,0.47,40,38,260806_AAA_AEO-Purchase_ios_vid_Growme_T1_0806highvalue_joy,,,,
