报告开始日期,报告结束日期,广告名称,广告投放,成效,成效指标,单次成效费用,广告组名称,展示次数,"CPM（千次展示费用） (USD)","已花费金额 (USD)",应用安装量,"单次应用安装费用 (USD)",订阅次数,"单次订阅费用 (USD)",购物次数,"单次购物费用 (USD)","广告花费回报 (ROAS) - 购物",点击率（全部）,custom_derived_metrics:334261784830934,"单次展示的播放视频达 3 秒率","视频播放进度达 100% 的次数",帖子评论数,帖文互动,结果（初始）,成效（初始）指标
2026-06-01,2026-07-06,20260612_growme_EN_9x16_FX-LifeLessons_ZT-jounrey_RS-P1X1R3C3_wxx,active,15,actions:app_custom_event.fb_mobile_purchase,15.75733333,260615_ABO_AEO-Purchase_ios_vid_Growme_WW_0608back_joy-betty,133322,1.772851,236.36,229,1.03214,21,11.255238,15,15.757333,0.991454,1.209853,0.25846501,15.985359,1302,19,24492,,
2026-06-01,2026-07-06,20260612_growme_EN_9x16_FX-LifeLessons_ZT-patience_RS-P1X1R3C3_wxx,active,,,,260615_ABO_AEO-Purchase_ios_vid_Growme_WW_0608back_joy-betty,1640,1.945122,3.19,1,3.19,,,,,,1.646341,0.0625,17.195122,12,,315,,
2026-06-01,2026-07-06,"20260611_GrowMe_EN_9x16_FX-Learning_ZT-Reading habits_RS-P3X1R1C3_fj",inactive,1,actions:app_custom_event.fb_mobile_purchase,45.83,260615_ABO_AEO-Purchase_ios_vid_Growme_WW_0608back_joy-betty,17156,2.671369,45.83,26,1.762692,1,45.83,1,45.83,0.252891,0.804383,0.34210526,16.145955,125,,2966,,
2026-06-01,2026-07-06,20260610_growme_EN_9x16_FX-learning_ZT-brain_RS-P1X1R3C3_wxx,inactive,3,actions:app_custom_event.fb_mobile_purchase,45.54333333,260615_ABO_AEO-Purchase_ios_vid_Growme_WW_0608back_joy-betty,87548,1.56063,136.63,166,0.823072,13,10.51,3,45.543333,0.367416,1.054279,0.38785047,13.762736,527,3,13388,,
2026-06-01,2026-07-06,20260610_GrowMe_EN_9x16_FX-LifeLessons_ZT-compare_RS-P3X1R1C3_gy,inactive,58,actions:app_custom_event.fb_mobile_purchase,44.49189655,260615_ABO_AEO-Purchase_ios_vid_Growme_WW_0608back_joy-betty,889165,2.902195,2580.53,1394,1.851169,94,27.452447,58,44.491897,0.518041,1.550556,0.16646764,14.218733,7651,12,140522,,
2026-06-01,2026-07-06,"20260609_GrowMe_EN_9x16_FX-Learning_ZT- read pic_RS-P3X1R1C3_fj",inactive,15,actions:app_custom_event.fb_mobile_purchase,47.14266667,260615_ABO_AEO-Purchase_ios_vid_Growme_WW_0608back_joy-betty,265595,2.662475,707.14,304,2.326118,24,29.464167,15,47.142667,0.414571,1.410418,0.13881279,11.531844,1068,3,33854,,
2026-06-01,2026-07-06,20260608_GrowMe_EN_9x16_FX-SelfImprovement_ZT-stop_RS-P3X1R1C3_fj_jql,active,,,,260615_ABO_AEO-Purchase_ios_vid_Growme_WW_0608back_joy-betty,841,2.699168,2.27,,,,,,,,2.615933,0,23.424495,8,,219,,
2026-06-01,2026-07-06,20260611_GrowMe_EN_9x16_FX-Mindset_ZT-brain_RS-P3X1R1C3_gy_jql,active,,,,260615_ABO_AEO-Purchase_ios_vid_Growme_WW_0608back_joy-betty,2799,2.318685,6.49,6,1.081667,,,,,,2.679528,0.0952381,18.435155,14,,596,,
2026-06-01,2026-07-06,20260609_GrowMe_EN_9x16_FX-Mindset_ZT-waste_RS-P3X1R1C3_gy_jql,active,,,,260615_ABO_AEO-Purchase_ios_vid_Growme_WW_0608back_joy-betty,1012,2.460474,2.49,1,2.49,,,,,,2.766798,0.04166667,21.541502,7,,246,,
2026-06-01,2026-07-06,20260608_GrowMe_EN_9x16_FX-SelfImprovement_ZT-consistency_RS-P3X1R1C3_fj_jql,active,,,,260615_ABO_AEO-Purchase_ios_vid_Growme_WW_0608back_joy-betty,90,2.888889,0.26,,,,,,,,2.222222,0,26.666667,,,27,,
2026-06-01,2026-07-06,20260608_GrowMe_EN_9x16_FX-LifeLessons_ZT-opinion_RS-P3X1R1C3_gy,active,,,,260615_ABO_AEO-Purchase_ios_vid_Growme_WW_0608back_joy-betty,5676,2.468288,14.01,4,3.5025,,,,,,1.338971,0.09090909,15.891473,41,,977,,
2026-06-01,2026-07-06,20260609_GrowMe_EN_9x16_FX-Learning_ZT-speak_RS-P3X1R1C3_gy,inactive,,,,260615_ABO_AEO-Purchase_ios_vid_Growme_WW_0608back_joy-betty,22847,1.84138,42.07,40,1.05175,,,,,,1.050466,0.4040404,18.545104,236,,4555,,
2026-06-01,2026-07-06,20260617_GrowMe_EN_9x16_FX-Learning_ZT-bridge_RS-P3X1R1C3_fj,inactive,,,,260630_ABO_AEO-Purchase_ios_vid_Growme_WW_06150622back_joy,8123,1.999261,16.24,3,5.413333,,,,,,0.714022,0.11538462,14.932907,65,,1286,,
2026-06-01,2026-07-06,20260622_GrowMe_EN_9x16_FX-Learning_ZT-tigao_RS-P3X1R1C3_fj,inactive,,,,260630_ABO_AEO-Purchase_ios_vid_Growme_WW_06150622back_joy,19134,2.582837,49.42,38,1.300526,,,,,,1.447685,0.23030303,14.158043,124,,2989,,
2026-06-01,2026-07-06,20260623_growme_EN_9x16_FX-Learning_ZT-read_RS-P1X1R3C3_wxx,inactive,,,,260630_ABO_AEO-Purchase_ios_vid_Growme_WW_06150622back_joy,5120,4.617188,23.64,9,2.626667,1,23.64,,,,1.757813,0.18367347,17.910156,36,,1001,,
2026-06-01,2026-07-06,20260623_growme_EN_9x16_FX-LifeLessons_ZT-readvsnotread_RS-P1X1R3C3_wxx,inactive,,,,260630_ABO_AEO-Purchase_ios_vid_Growme_WW_06150622back_joy,13954,1.203956,16.8,1,16.8,,,,,,0.487315,0.02083333,46.366633,1419,,6541,,
2026-06-01,2026-07-06,20260624_GrowMe_EN_9x16_FX-LifeLessons_ZT-Yesterday_RS-P3X1R1C3_fj,active,,,,260630_ABO_AEO-Purchase_ios_vid_Growme_WW_06150622back_joy,78,1.025641,0.08,,,,,,,,2.564103,0,14.102564,,,13,,
2026-06-01,2026-07-06,20260624_GrowMe_EN_9x16_FX-LifeLessons_ZT-race_RS-P3X1R1C3_fj,inactive,,,,260630_ABO_AEO-Purchase_ios_vid_Growme_WW_06150622back_joy,11576,2.366966,27.4,6,4.566667,,,,,,0.855218,0.12244898,10.340359,38,,1328,,
2026-06-01,2026-07-06,20260625_GrowMe_EN_9x16_FX-Mindset_ZT-quiet_RS-P3X1R1C3_gy,active,,,,260630_ABO_AEO-Purchase_ios_vid_Growme_WW_06150622back_joy,17269,1.864034,32.19,5,6.438,,,,,,0.474839,0.15625,11.842029,73,,2189,,
2026-06-01,2026-07-06,20260626_growme_EN_9x16_FX-SelfImprovement_ZT-change_RS-P1X1R3C3_wxx,active,,,,260630_ABO_AEO-Purchase_ios_vid_Growme_WW_06150622back_joy,14,0,0,,,,,,,,0,,14.285714,,,3,,
2026-06-01,2026-07-06,20260626_growme_EN_9x16_FX-Mood_ZT-communication_RS-P1X1R3C3_fj,active,,,,260630_ABO_AEO-Purchase_ios_vid_Growme_WW_06150622back_joy,70,1.285714,0.09,,,,,,,,0,,30,2,,23,,
2026-06-01,2026-07-06,20260626_GrowMe_EN_9x16_FX-Learning_ZT-habit_RS-P3X1R1C3_gy_jql,inactive,3,actions:app_custom_event.fb_mobile_purchase,56.96,260630_ABO_AEO-Purchase_ios_vid_Growme_WW_06150622back_joy,75300,2.269323,170.88,79,2.163038,7,24.411429,3,56.96,0.405606,0.855246,0.27430556,13.625498,312,,11037,,
2026-06-01,2026-07-06,20260626_GrowMe_EN_9x16_FX-Reading_ZT-reader_RS-P3X1R1C3_gy_jql,inactive,,,,260630_ABO_AEO-Purchase_ios_vid_Growme_WW_06150622back_joy,6612,2.881125,19.05,2,9.525,,,,,,1.043557,0.06451613,14.882033,34,,1059,,
2026-06-01,2026-07-06,20260626_GrowMe_EN_9x16_FX-Reading_ZT-mind_RS-P3X1R1C3_gy_jql,active,,,,260630_ABO_AEO-Purchase_ios_vid_Growme_WW_06150622back_joy,215,2.325581,0.5,,,,,,,,0.465116,0,17.209302,,,39,,
2026-06-01,2026-07-06,20260615_growme_EN_9x16_FX-Learning_ZT-practive_RS-P1X1R3C3_wxx,inactive,,,,260630_ABO_AEO-Purchase_ios_vid_Growme_WW_06150622back_joy,14793,1.825188,27,18,1.5,,,,,,0.959913,0.33333333,14.72994,54,,2421,,
2026-06-01,2026-07-06,20260616_growme_EN_9x16_FX-Learning_ZT-english_RS-P1X1R3C3_wxx,inactive,,,,260630_ABO_AEO-Purchase_ios_vid_Growme_WW_06150622back_joy,11442,1.883412,21.55,4,5.3875,,,,,,0.839014,0.05479452,14.560392,122,,1819,,
2026-06-01,2026-07-06,20260616_GrowMe_EN_9x16_FX-Learning_ZT-readAI_RS-P3X1R1C3_gy_jql,inactive,5,actions:app_custom_event.fb_mobile_purchase,53.88,260630_ABO_AEO-Purchase_ios_vid_Growme_WW_06150622back_joy,124791,2.15881,269.4,170,1.584706,8,33.675,5,53.88,0.352747,0.839003,0.27027027,13.000136,575,,17547,,
2026-06-01,2026-07-06,20260615_GrowMe_EN_9x16_FX-LifeLessons_ZT-future_RS-P3X1R1C3_gy_jql,inactive,,,,260630_ABO_AEO-Purchase_ios_vid_Growme_WW_06150622back_joy,5987,3.464172,20.74,12,1.728333,,,,,,1.703691,0.13483146,16.251879,25,,1097,,
2026-06-01,2026-07-06,20260618_GrowMe_EN_9x16_FX-Learning_ZT-listen_RS-P3X1R1C3_gy_jql,inactive,,,,260630_ABO_AEO-Purchase_ios_vid_Growme_WW_06150622back_joy,4053,4.895139,19.84,2,9.92,,,,,,2.393289,0.02469136,18.751542,23,,868,,
2026-06-01,2026-07-06,20260617_GrowMe_EN_9x16_FX-Learning_ZT-10mins_RS-P3X1R1C3_gy,inactive,,,,260630_ABO_AEO-Purchase_ios_vid_Growme_WW_06150622back_joy,13736,2.005679,27.55,14,1.967857,,,,,,0.902737,0.22222222,12.281596,119,,1864,,
2026-06-01,2026-07-06,20260618_GrowMe_EN_9x16_FX-Learning_ZT-pace_RS-P3X1R1C3_gy_jql,inactive,5,actions:app_custom_event.fb_mobile_purchase,34.408,260630_ABO_AEO-Purchase_ios_vid_Growme_WW_06150622back_joy,34384,5.00349,172.04,44,3.91,12,14.336667,5,34.408,0.858289,0.985924,0.21890547,18.241042,220,,6793,,
2026-06-01,2026-07-06,20260617_GrowMe_EN_9x16_FX-Learning_ZT-language_RS-P3X1R1C3_gy_jql,inactive,,,,260630_ABO_AEO-Purchase_ios_vid_Growme_WW_06150622back_joy,7190,3.308762,23.79,8,2.97375,,,,,,2.01669,0.06779661,14.214186,40,,1153,,
2026-06-01,2026-07-06,20260617_GrowMe_EN_9x16_FX-Mindset_ZT-gentle1_RS-P3X1R1C3_gy_jql,inactive,,,,260630_ABO_AEO-Purchase_ios_vid_Growme_WW_06150622back_joy,13985,4.157311,58.14,10,5.814,,,,,,1.487308,0.06993007,17.676082,61,,2755,,
2026-06-01,2026-07-06,20260616_GrowMe_EN_9x16_FX-LifeLessons_ZT-failureai_RS-P3X1R1C3_gy_jql,inactive,1,actions:app_custom_event.fb_mobile_purchase,73.31,260630_ABO_AEO-Purchase_ios_vid_Growme_WW_06150622back_joy,20623,3.554769,73.31,17,4.312353,1,73.31,1,73.31,0.361206,1.124958,0.12318841,15.371188,128,1,3485,,
2026-06-01,2026-07-06,20260615_growme_EN_9x16_FX-Faith_ZT-amen_RS-P1X1R3C3_wxx,inactive,,,,260630_ABO_AEO-Purchase_ios_vid_Growme_WW_06150622back_joy,3585,6.04742,21.68,7,3.097143,1,21.68,,,,1.562064,0.17948718,19.972106,70,10,854,,
